Nature,Case #,Date Reported,Date/Time Occurred,General Location,Disposition
Theft 3 Lost or Mislaid Property,2600376,03/29/26,03/29/26 @ 0254,101 W 5th Ave,Cleared by Arrest
Theft 2,2600375,03/28/26,03/18/26 @ 0000,1590 E 13th Ave,Suspended. Inactive.
Theft 2,2600374,03/28/26,03/22/26 @ 2330,1710 E 15th Ave,Suspended. Inactive.
Criminal Mischief 3,2600373,03/27/26,03/27/26 @ 1458,1505 Franklin Blvd,Suspended. Inactive.
Criminal Mischief 2,2600372,03/27/26,03/27/26 @ 1704,990 E 13th Ave,Suspended. Inactive.
Information- Non Crime,2600371,03/27/26,03/27/26 @ 1439,1501 Kincaid St,Other.
Crim Trespass/Crim Mischief,2600370,03/27/26,03/26/26 @ 1942,1505 Franklin Blvd,Cleared by Arrest.
Theft 2,2600369,03/27/26,03/27/26 @ 0849,1501 Kincaid St,Suspended. Inactive.
Criminal Trespass,2600368,03/27/26,03/27/26 @ 0813,1505 Franklin Blvd,Cleared by Arrest.
Assist Outside Agency,2600367,03/26/26,03/26/26 @ 1251,E 13th Ave/Agate St,Others.
Criminal Mischief 2,2600366,03/26/26,03/26/26 @ 1118,1395 University St,Suspended. Inactive.
Theft 3- From Vehicle,2600365,03/26/26,03/26/26 @ 2336,1264 Franklin,Suspended. Inactive.
Criminal Mischief,2600364,03/26/26,03/26/26 @ 0752,1000 Patterson St,Suspended. Inactive.
Criminal Mischief,2600361,03/25/26,03/25/26 @ 1256,1595 E 15th Ave,Cleared by Arrest.
Criminal Mischief,2600360,03/25/26,03/25/26 @ 0849,1190 Franklin Blvd,Suspended. Inactive.
Information Non Crime,2600359,03/24/26,03/24/26 @ 1145,1430 Johnson Ln,Other.
Criminal Mischief 2,2600358,03/24/26,03/24/26 @ 1420,1201 Old Campus Ln,Suspended. Inactive.
Criminal Mischief 2,2600357,03/24/26,03/24/26 @ 1333,1385 Franklin Blvd,Suspended. Inactive.
Criminal Mischief 2,2600356,03/23/26,03/23/26 @ 1027,1323 E 15th Ave,Suspended. Inactive.
Property Found,2600355,03/22/26,03/22/26 @ 1511,975 High St,Other.
Criminal Mischief 2,2600354,03/22/26,03/22/26 @ 1250,2250 Patterson St,Suspended. Inactive.
Suspicious Conditions,2600353,03/22/26,03/21/26 @ 2030,1000 Patterson St,Suspended. Inactive.
Criminal Trespass 2,2600352,03/20/26,03/20/26 @ 1213,1098 E 13th Ave,Open.
Criminal Mischief 2,2600351,03/20/26,03/20/26 @ 1614,1101 Kincaid St,Suspended. Inactive.
Criminal Mischief 2,2600350,03/20/26,03/20/26 @ 1339,1625 Millrace Dr,Suspended. Inactive.
Criminal Mischief 2,2600349,03/19/26,03/16/26 @ 1629,1371 E 13th Ave,Suspended. Inactive.
Criminal Mischief 2,2600348,03/19/26,03/19/26 @ 1354,1244 Walnut St,Suspended. Inactive.
Criminal Mischief 2,2600347,03/19/26,03/19/26 @ 1352,1390 Franklin Blvd,Suspended. Inactive.
Criminal Trespass 2,2600346,03/19/26,03/19/26 @ 1506,1098 E 13th Ave,Cleared by Arrest.
Criminal Mischief 3,2600345,03/19/26,03/19/26 @ 0824,1455 E 15th Ave,Suspended. Inactive.
Theft 2,2600343,03/19/26,03/19/26 @ 0444,1344 Franklin Blvd,Suspended. Inactive.
Theft 3- Other/Criminal Trespass 2,2600342,03/18/26,03/18/26 @ 2028,1451 Agate St,Cleared by Arrest.
Rape Safe Kit,2600341,03/18/26,03/18/26 @ 1730,1590 E 13th Ave,Other.
Criminal Mischief 2,2600340,03/18/26,03/18/26 @ 1348,259 South Bank Path,Suspended. Inactive.
Criminal Mischief 2,2600339,03/18/26,03/18/26 @ 1339,1190 Franklin Blvd,Suspended. Inactive.
Missing Person,2600338,03/16/26,03/16/26 @ 1931,2141 E 15th Ave,Open.
Dis Conduct/Criminal Trespass 2,2600337,03/16/26,03/16/26 @ 1854,1451 E 15th Ave,Cleared by Arrest.
Criminal Mischief 2,2600336,03/16/26,03/16/26 @ 1542,1323 E 15th Ave,Suspended. Inactive.
Criminal Mischief 2,2600334,03/16/26,03/16/26 @ 1443,1455 E 15th Ave,Suspended. Inactive.
Criminal Mischief 2,2600335,03/16/26,03/16/26 @ 1438,259 South Bank Path,Suspended. Inactive.
Criminal Mischief 2,2600332,03/16/26,03/16/26 @ 1409,1751 E 17th Ave,Suspended. Inactive.
Criminal Mischief 2,2600331,03/16/26,03/16/26 @ 1244,1475 E 15th Ave,Suspended. Inactive.
Criminal Mischief 2,2600330,03/16/26,03/16/26 @ 1238,1475 E 15th Ave,Suspended. Inactive.
Criminal Mischief 2,2600329,03/16/26,03/16/26 @ 1232,1475 E 15th Ave,Suspended. Inactive.
Criminal Mischief 2,2600328,03/16/26,03/16/26 @ 1009,1260 Franklin Blvd,Suspended. Inactive.
Information Non Crime,2600327,03/14/26,03/14/26 @ 2226,2370 Patterson St,Other.
Noise Disturbance,2600326,03/14/26,03/14/26 @ 1340,609 E 14th Ave,Cleared by Arrest.
Accident Vehicle Non Injury,2600324,03/13/26,03/13/26 @ 0941,E 15th Ave/Moss St,Other.
Criminal Mischief 2,2600323,03/13/26,03/13/26 @ 1134,895 E 13th Ave,Suspended. Inactive.
Welfare Check,2600322,03/12/26,03/12/26 @ 1849,1695 E 15th Ave,Other.
Found Property,2600321,03/12/26,03/12/26 @ 1637,E 24th/Emerald St,Other.
Criminal Trespass 2,2600319,03/12/26,03/12/26 @ 1350,955 E 13th Ave,Cleared by Arrest.
Criminal Mischief 2,2600320,03/12/26,03/12/26 @ 1448,1625 Millrace Dr,Suspended. Inactive.
Criminal Mischief 2,2600318,03/12/26,03/11/26 @ 1704,1505 Franklin Blvd,Suspended. Inactive.
Property Found,2600317,03/12/26,03/12/26 @ 0916,1710 E 15th Ave,Other.
Information Non Crime,2600316,03/11/26,03/11/26 @ 1537,1255 E 13th Ave,Other.
Criminal Trespass,2600315,03/11/26,03/11/26 @ 0032,1695 E 15th Ave,Suspended. Inactive.
Theft 2,2600314,03/10/26,03/09/26 @ 1345,1260 Franklin Blvd,Suspended. Inactive.
Criminal Mischief 2,2600313,03/10/26,03/10/26 @ 1509,1475 E 15th Ave,Suspended. Inactive.
Criminal Mischief 2,2600312,03/10/26,03/10/26 @ 1414,1390 Franklin Blvd,Suspended. Inactive.
Criminal Mischief 2,2600311,03/10/26,03/10/26 @ 1411,259 South Bank Path,Suspended. Inactive.
Criminal Trespass 2,2600310,03/09/26,03/09/26 @ 2324,1501 Kincaid St,Cleared by Arrest.
Rape 1,2600309,03/09/26,02/21/26 @ 2100,1900 Blk Jefferson St,Open.
Criminal Mischief 2,2600308,03/09/26,03/09/26 @ 1437,259 South Bank Path,Suspended. Inactive.
Criminal Mischief 2,2600305,03/09/26,03/09/26 @ 1410,1390 Franklin Blvd,Suspended. Inactive.
Void Case,2600306,03/09/26,03/09/26 @ 1115,1455 E 15th Ave,Other.
Criminal Mischief 2,2600304,03/09/26,03/09/26 @ 1317,1741 E 15th Ave,Suspended. Inactive.
Criminal Mischief 2,2600303,03/09/26,03/09/26 @ 1300,1371 E 13th Ave,Suspended. Inactive.
Lost Property,2600302,03/09/26,03/09/26 @ 0941,955 E 13th Ave,Suspended. Inactive.
Rape 1,2600301,03/08/26,03/08/26 @ 0500,1751 E 17th Ave,Suspended. Inactive.
Void Case,2600300,03/08/26,03/08/26 @ 1338,1451 Agate St,Other.
Found Property,2600299,03/08/26,03/08/26 @ 0025,1000 Patterson St,Other.
Accident Veh Non Injury,2600298,03/07/26,03/07/26 @ 2241,E 19th Ave/Agate Aly,Other.
Criminal Mischief 2,2600297,03/06/26,03/06/26 @ 1959,1601 University St,Suspended. Inactive.
Criminal Trespass 2,2600296,03/06/26,03/06/26 @ 1930,1501 Kincaid St,Cleared by Arrest.
Information Non Crime,2600295,03/06/26,03/06/26 @ 1440,1344 Franklin Blvd,Unfounded.
Criminal Mischief 2,2600294,03/06/26,03/06/26 @ 1518,1390 Franklin Blvd,Suspended. Inactive.
Criminal Trespass 2,2600293,03/05/26,03/05/26 @ 1207,1501 Kincaid St,Cleared by Arrest.
Criminal Mischief 2,2600292,03/05/26,03/05/26 @ 0828,1475 E 15th Ave,Suspended. Inactive.
Mental Hold by Police Officer,2600291,03/05/26,03/05/26 @ 1533,1590 E 13th Ave,Cleared by Arrest.
Theft 3,2600290,03/05/26,03/05/26 @ 1153,895 E 13th Ave,Cleared by Arrest.
Criminal Mischief 2,2600289,03/04/26,03/05/26 @ 1153,1601 University St,Suspended. Inactive.
Criminal Trespass 2,2600288,03/04/26,03/04/26 @ 2340,1000 Patterson St,Suspended. Inactive.
Theft 1 Bicycle/Criminal Mischief 2,2600287,03/04/26,03/04/26 @ 2205,1190 Franklin Blvd,Suspended. Inactive.
Criminal Mischief 2,2600285,03/04/26,03/04/26 @ 1550,895 E 13th Ave,Cleared by Arrest.
Criminal Mischief 2,2600284,03/04/26,03/04/26 @ 1431,1415 Kincaid St,Suspended. Inactive.
Criminal Mischief 2,2600282,03/04/26,03/04/26 @ 1419,799 E 15th Ave,Suspended. Inactive.
Hit and Run Veh Damage,2600281,03/04/26,03/03/26 @ 1930,1601 University St,Suspended. Inactive.
Theft 2,2600280,03/04/26,01/05/26 @ 000,1751 E 17th Ave,Suspended. Inactive.
Criminal Mischief 2,2600279,03/04/26,03/04/26 @ 0718,1505 Franklin Blvd,Suspended. Inactive.
Criminal Mischief 2,2600278,03/03/26,03/03/26 @ 0500,1625 Millrace Dr,Suspended. Inactive.
Information Non Crime,2600276,03/03/26,02/24/26 @ 0000,1320 E 15th Ave,Other.
Theft 2,2600275,03/03/26,03/03/26 @ 1240,1320 E 15th Ave,Suspended. Inactive.
Criminal Mischief 2,2600274,03/03/26,03/03/26 @ 1347,1321 Kincaid St,Suspended. Inactive.
Criminal Mischief 2,2600273,03/03/26,03/03/26 @ 1345,1275 E 13th Ave,Suspended. Inactive.
Criminal Mischief 2,2600272,03/03/26,03/03/26 @ 1348,1387 Franklin Blvd,Suspended. Inactive.
Theft 3,2600271,03/03/26,03/03/26 @ 1151,1475 E 15th Ave,Cleared by Arrest.
Criminal Mischief 2,2600270,03/03/26,03/03/26 @ 0714,1201 Old Campus Ln,Suspended. Inactive.
Theft 3,2600269,03/02/26,03/02/26 @ 2005,1451 Agate St,Suspended. Inactive.
Accident Vehicle Non Injury,2600268,03/02/26,03/02/26 @ 1606,1401 Walnut St,Suspended. Inactive.
Information Non Crime,2600267,03/02/26,03/02/26 @ 1410,895 E 13th Ave,Other.
Criminal Mischief 2,2600266,03/02/26,03/02/26 @ 1311,1109 Old Campus Ln,Suspended. Inactive.
Criminal Mischief 2,2600265,03/02/26,03/02/26 @ 1308,1625 Millrace Dr,Suspended. Inactive.
Criminal Mischief 2,2600264,03/02/26,03/02/26 @ 1120,1415 Kincaid St,Suspended. Inactive.
Criminal Mischief 2,2600262,03/02/26,03/02/26 @ 0952,1455 E 15th Ave,Suspended. Inactive.
Criminal Mischief 2,2600263,03/02/26,03/02/26 @ 1007,1455 E 15th Ave,Suspended. Inactive.
Theft 3,2600261,03/03/26,03/02/26 @ 1006,1455 E 15th Ave,Suspended. Inactive.
Criminal Mischief 2,2600260,03/02/26,03/02/26 @ 0954,1475 E 15th Ave,Suspended. Inactive.
Found Property,2600259,03/01/26,03/01/26 @ 1716,1000 Patterson St,Other.
Void Case,2600258,03/01/26,03/01/26 @ 1106,1410 Agate St,Other.
Animal Complaint Bite,2600257,02/28/26,02/28/26 @ 1102,E 15th Ave/University St,Other.
Assault 4 Simple Aslt APA,2600256,02/27/26,02/27/26 @ 2308,1451 Agate St,Cleared by Arrest.
Accident Vehicle Non Injury,2600255,02/27/26,02/27/26 @ 2239,E 19th Ave/Potter St,Suspended. Inactive.
Criminal Mischief 2,2600253,02/27/26,02/27/26 @ 1439,1190 Franklin Blvd,Suspended. Inactive.
Criminal Mischief 2,2600254,02/27/26,02/27/26 @ 1438,1291 Franklin Blvd,Suspended. Inactive.
Criminal Mischief 2,2600252,02/27/26,02/27/26 @ 1436,1190 Franklin Blvd,Suspended. Inactive.
Criminal Trespass 2/Warrant Arrest,2600251,02/26/26,02/26/26 @ 2130,1395 University St,Cleared by Arrest.
Accident Vehicle Non Injury,2600250,02/26/26,02/26/26 @ 2110,Hilyard St/E 18th Aly,Other.
Accident Vehicle Injury,2600249,02/26/26,02/26/26 @ 1813,Agate St/15th Ave,Other.
Rape 1 Forcible,2600248,02/26/26,02/20/26 @ 0130,1455 E 15th Ave,Open.
Criminal Mischief 2,2600247,02/26/26,02/26/26 @ 1500,259 South Bank Path,Suspended. Inactive.
Criminal Mischief 2,2600246,02/26/26,02/26/26 @ 1457,1387 Franklin Blvd,Suspended. Inactive.
Theft 3,2600245,02/26/26,02/26/26 @ 1225,1451 Agate St,Cleared by Arrest.
Criminal Mischief 2,2600244,02/26/26,02/26/26 @ 1042,1776 Millrace St,Suspended. Inactive.
Poss of Controlled Sub/ Firearm Offense,2655732* PBB,02/25/26,02/25/26 @ 0950,NE 29th Ave/Liberty St,Cleared by Arrest - Portland Police Bureau.
Theft 3/ Criminal Trespass,2600243,02/25/26,02/25/26 @ 1945,E 13th Ave/University St,Cleared by Arrest.
Criminal Mischief 2,2600242,02/25/26,02/25/26 @ 1423,1244 Walnut St,Suspended. Inactive.
Criminal Mischief 2,2600240,02/25/26,02/25/26 @ 1443,1415 Kincaid St,Suspended. Inactive.
Criminal Mischief 2,2600241,02/25/26,02/25/26 @ 1439,1109 Old Campus Ln,Suspended. Inactive.
Information Non Crime,2600239,02/25/26,02/25/26 @ 1143,2141 E 15th Ave,Other.
Theft 2,2600238,02/25/26,02/25/26 @ 0243,1451 Agate St,Suspended. Inactive.
Theft 2,2600237,02/24/26,02/24/26 @ 1951,1625 Millrace Dr,Suspended. Inactive.
Criminal Mischief 2,260036,02/24/26,02/24/26 @ 1358,975 High St,Suspended. Inactive.
Criminal Mischief 2,2600235,02/24/26,02/24/26 @ 1006,1475 E 15th Ave,Suspended. Inactive.
Criminal Mischief 2,2600234,02/24/26,02/24/26 @ 0820,1741 E 15th Ave,Suspended. Inactive.
Harassment- Physical,2600233,02/24/26,02/23/26 @ 2315,E 13th Aly/Kincaid St,Suspended. Inactive.
Theft 2- Lost/Mislaid Prop,2600232,02/23/26,02/17/26 @ 1500,2141 E 15th Ave,Suspended. Inactive.
Criminal Mischief 2,2600231,02/23/26,02/23/26 @ 1404,1030 E 13th Ave,Suspended. Inactive.
Criminal Mischief 2,2600230,02/23/26,02/23/26 @ 1359,1101 Kincaid St,Suspended. Inactive.
Harassment- Simple Aslt,2600228,02/23/26,02/23/26 @ 1259,2195 Patterson,Suspended. Inactive.
Criminal Mischief 2,2600229,02/23/26,02/23/26 @ 1143,1710 E 15th Ave,Suspended. Inactive.
Criminal Mischief 2,2600226,02/23/26,02/23/26 @ 1148,1410 Agate St,Suspended. Inactive.
Theft 2- Other,2600227,02/23/26,02/21/26 @ 0355,650 E 11th Ave,Suspended. Inactive.
Criminal Mischief 2,2600225,02/23/26,02/23/26 @ 1032,1475 E 15th Ave,Suspended. Inactive.
Criminal Mischief 2,2600223,02/23/26,02/23/26 @ 0939,1410 Agate St,Suspended. Inactive.
Criminal Mischief 3,2600224,02/23/26,02/23/26 @ 0916,1451 Agate St,Suspended. Inactive.
Theft 2/Criminal Mischief 2,2600222,02/22/26,02/21/26 @ 1500,1751 E 17th Ave,Suspended. Inactive.
Theft 2,2600221,02/22/26,11/15/25 @ 1259,1580 Kincaid St,Suspended. Inactive.
Disorderly Conduct,2600220,02/22/26,02/22/26 @ 0141,1451 Agate St,Other.
Accident Vehicle Non Injury,2600219,02/21/26,02/21/26 @ 2258,799 E 15th Ave,Suspended. Inactive.
Theft 3,2600218,02/21/26,02/17/26 @ 1200,1695 E 15th Ave,Suspended. Inactive.
Hit and Run Veh Damage,2600216,02/20/26,02/20/26 @ 0715,1190 Franklin Blvd,Suspended. Inactive.
Criminal Mischief,2600215,02/20/26,02/20/26 @ 0848,1751 E 17th Ave,Suspended. Inactive.
Criminal Mischief,2600214,02/19/26,02/19/26 @ 1406,259 South Bank Path,Suspended. Inactive.
Criminal Mischief,2600213,02/19/26,02/19/26 @ 1405,1205 Franklin Blvd,Suspended. Inactive.
Theft 3- From Building,2600212,02/19/26,02/19/26 @ 1105,1475 E 15th Ave,Suspended. Inactive.
Information Non-Crime,26002211,02/19/26,02/16/26 @ 000,1720 E 113th Ave,Other.
Assist Outside Agency,2600210,02/19/26,02/19/26 @ 0011,W 6th Aly/Madison St,Other.
Property Found,2600208,02/18/26,02/18/26 @ 2103,1395 University St,Other.
Theft 3,2600209,02/18/26,02/18/26 @ 2153,1451 Agate St,Suspended. Inactive.
Mental Hold by Police Officer,2600206,02/18/26,02/18/26 @ 1619,1323 E 15th Ave,Cleared by Arrest.
Theft 2,2600207,02/18/26,02/17/26 @ 2137,1395 University St,Suspended. Inactive.
Criminal Mischief 2,2600205,02/18/26,02/18/26 @ 1412,1190 Franklin Blvd,Suspended. Inactive.
Theft 3,2600204,02/18/26,02/18/26 @ 1610,1741 E 15th Ave,Suspended. Inactive.
Criminal Mischief 2,2600203,02/17/26,02/17/26 @ 1621,1244 Walnut St,Suspended. Inactive.
Mental Hold by Police Officer,2600202,02/17/26,02/17/26 @ 1449,1323 E 15th Ave,Cleared by Arrest.
Theft 1,2600201,02/17/26,02/17/26 @ 0856,1000 Patterson St,Suspended. Inactive.
Theft 2/ Crim Mischief 2,2600200,02/16/26,02/16/26 @ 2200,901 E 18th Ave,Suspended. Inactive.
Criminal Mischief 2,2600199,02/16/26,02/16/26 @ 1303,1580 Kincaid St,Suspended. Inactive.
Criminal Mischief 2,2600198,02/16/26,02/16/26 @ 1301,1301 Franklin Blvd,Suspended. Inactive.
Theft 3,2600197,02/16/26,02/16/26 @ 1135,1451 Agate St,Cleared by Arrest.
Information,2600196,02/16/26,02/16/26 @ 0955,1505 Franklin Blvd,Other.
Theft 3,2600195,02/16/26,02/13/26 @ 0800,E 14th Ave/Kincaid St,Suspended. Inactive.
Criminal Mischief 2,2600194,02/16/26,02/13/26 @ 1700,942 Olive St,Suspended. Inactive.
Void Case,2600193,02/16/26,02/16/26 @ 0810,2500 Martin Luther King Jr Blvd,Other.
Criminal Mischief 2,2600192,02/16/26,02/16/26 @ 0747,1475 E 15th Ave,Suspended. Inactive.
Criminal Mischief 2,2600191,02/15/26,02/15/26 @ 2247,2500 Martin Luther King Jr Blvd,Suspended. Inactive.
Property Found,2600190,02/15/26,02/15/26 @ 1251,1410 Agate St,Other.
Theft 1,2600189,02/14/26,02/13/26 @ 2000,1710 E 15th Ave,Suspended. Inactive.
Mental Hold by Police Officer,2600188,02/14/26,02/14/26 @ 1205,90 Commons Dr,Cleared by Arrest.
Criminal Mischief 2,2600185,02/13/26,02/13/26 @ 1504,1900 Millrace Dr,Suspended. Inactive.
Criminal Mischief 2,2600186,02/13/26,02/13/26 @ 1503,1415 Kincaid,Suspended. Inactive.
Information,2600184,02/13/26,02/13/26 @ 1046,2141 E 15th Ave,Other.
Criminal Mischief 2,2600183,02/13/26,02/13/26 @ 1203,1101 Kincaid St,Suspended. Inactive.
Criminal Mischief 2,2600182,02/13/26,02/13/26 @ 1122,1451 Agate St,Suspended. Inactive.
Theft 3,2600181,02/12/26,02/12/26 @ 1858,961 E 18th Ave,Suspended. Inactive.
Theft 3,2600180,02/12/26,02/12/26 @ 1533,895 E 13th Ave,Cleared by Arrest.
Void Case,2600178,02/12/26,02/12/26 @ 0648,1501 Kincaid St,Other.
Theft 1/ Crim Mischief 2,2600177,02/11/26,02/11/26 @ 1800,1020 University St,Suspended. Inactive.
Criminal Mischief 2,2600176,02/11/26,02/11/26 @ 1438,259 South Bank Path,Suspended. Inactive.
Criminal Mischief 2,2600175,02/11/26,02/11/26 @ 1436,1455 E 15th Ave,Suspended. Inactive.
Theft 3,2600174,02/11/26,02/11/26 @ 1014,895 E 13th Ave,Cleared by Arrest.
Theft 2,2600173,02/10/26,02/07/26 @ 1100,2250 Patterson St,Suspended. Inactive.
Theft 2,2600172,02/10/26,02/10/26 @ 1105,1320 E 15th Ave,Suspended. Inactive.
Theft 3,2600171,02/10/26,02/10/26 @ 1115,1451 Agate St,Cleared by Arrest.
Unlawful Entry Motor Vehicle,2600169,02/10/26,02/10/26 @ 0432,1625 Millrace Dr,Suspended. Inactive.
Criminal Mischief,2600167,02/09/26,02/09/26 @ 1400,1601 University St,Suspended. Inactive.
Criminal Mischief,2600166,02/09/26,02/09/26 @ 1356,1244 Walnut St,Suspended. Inactive.
Criminal Mischief,2600165,02/09/26,02/09/26 @ 1403,259 South Bank Path,Suspended. Inactive.
Void Case,2600164,02/09/26,02/09/26 @ 0917,1455 E 15th Ave,Other.
Criminal Mischief 3,2600163,02/09/26,02/09/26 @ 0858,1455 E 15th Ave,Suspended. Inactive.
Criminal Mischief 2,2600162,02/09/26,02/09/26 @ 0742,1455 E 15th Ave,Suspended. Inactive.
Theft 3- Other,2600161,02/08/26,02/08/26 @ 1330,E 15th/Moss St,Suspended. Inactive.
Reckless Burning,2600160,02/07/26,02/07/26 @ 1738,1395 University St,Suspended. Inactive.
Information Non Crime,2600159,02/07/26,02/07/26 @ 1325,1680 E 15th Ave,Other.
Reckless Endangering,2600158,02/06/26,02/06/26 @ 2220,828 E 11th Ave,Suspended. Inactive.
Criminal Mischief 2,2600157,02/06/26,02/06/26 @ 1400,1900 Millrace Dr,Suspended. Inactive.
Criminal Mischief 2,2600155,02/06/26,02/06/26 @ 1355,1244 Walnut St,Suspended. Inactive.
Criminal Mischief 2,2600156,02/06/26,02/06/26 @ 1354,1329 Franklin Blvd,Suspended. Inactive.
Theft 3,2600154,02/06/26,02/06/26 @ 1057,1395 University St,Cleared by Arrest.
Criminal Mischief 2,2600153,02/06/26,02/06/26 @ 1001,1695 E 15th Ave,Suspended. Inactive.
Criminal Mischief 2,2600152,02/05/26,02/05/26 @ 1434,1695 E 15th Ave,Suspended. Inactive.
Theft 2,2600151,02/05/26,02/05/26 @ 0900,1101 Kincaid St,Suspended. Inactive.
Theft 2,2600150,02/05/26,02/05/26 @ 0000,1776 E 13th Ave,Suspended. Inactive.
Criminal Mischief 2,2600149,02/05/26,02/05/26 @ 1350,1387 Franklin Blvd,Suspended. Inactive.
Criminal Mischief 2,2600148,02/05/26,02/05/26 @ 1147,1000 Patterson St,Suspended. Inactive.
Theft 3,2600147,02/05/26,02/05/26 @ 1114,1451 Agate St,Suspended. Inactive.
Criminal Mischief 2,2600146,02/05/26,02/05/26 @ 1131,650 E 11th Ave,Suspended. Inactive.
PCS Schedule 2/ Warrant Arrest,2600145,02/05/26,02/05/26 @ 0155,1000 Patterson St,Cleared by Arrest.
Courtesy Report,2600144,02/04/26,05/03/25 @ 0000,2141 E 15th Ave,Other.
Harassment Phone,2600143,02/04/26,05/03/25 @ 0000,2141 E 15th Ave,Suspended. Inactive.
Theft 3- Other/Fraudulent Use Credit Card,2600142,02/04/26,02/04/26 @ 1115,1000 Patterson St,Suspended. Inactive.
Theft 3- Shoplift,2600141,02/04/26,02/04/26 @ 1148,1451 Agate St,Cleared by Arrest.
Courtesy Report,2600140,02/04/26,03/01/24 @ 000,2141 E 15th Ave,Other.
Criminal Mischief 2,2600139,02/04/26,02/04/26 @ 0817,1385 Franklin Blvd,Suspended. Inactive.
Criminal Mischief 2,2600138,02/04/26,02/04/26 @ 0812,1655 Alder St,Suspended. Inactive.
Theft 3,2600137,02/03/26,02/03/26 @ 1930,1109 Old Campus Ln,Suspended. Inactive.
Criminal Mischief 2,2600135,02/03/26,02/03/26 @ 1439,1329 Franklin Blvd,Suspended. Inactive.
Rape 1/ Cause Person Ingest Controlled Sub,2600134,02/03/26,01/24/26 @ 2330,Off Campus Location,Open.
Theft 3- Shoplift,2600133,02/03/26,02/03/26 @ 1100,1395 University St,Cleared by Arrest.
Theft 3- Shoplift,2600132,02/02/26,02/02/26 @ 1611,1395 University St,Cleared by Arrest.
Theft 2,2600131,02/02/26,02/02/26 @ 1345,1214 Kincaid,Suspended. Inactive.
Criminal Mischief 2,2600129,02/02/26,02/02/26 @ 1418,1329 Franklin Blvd,Suspended. Inactive.
Criminal Mischief 3,2600128,02/02/26,02/02/26 @ 0958,1477 E 13th Ave,Suspended. Inactive.
Criminal Mischief 2,2600127,02/02/26,02/02/26 @ 0905,1680 E 15th Ave,Suspended. Inactive.
Stalking,2600126,02/01/26,02/01/26 @ 1837,2141 E 15th Ave,Other.
Void Case,2600125,02/01/26,02/01/26 @ 0447,1000 Patterson St,Other.
Criminal Mischief 3/Criminal Trespass 2/Warrant Arrest,2600124,02/01/26,02/01/26 @ 0406,1000 Patterson St,Cleared by Arrest.
Theft 3,2600123,01/31/26,01/31/26 @ 1814,1710 E 15th Ave,Suspended. Inactive.
Property Found,2600122,01/31/26,01/31/26 @ 1415,1395 University St,Other.
Warrant Arrest,2600121,01/31/26,01/31/26 @ 1249,Patterson/E Broadway,Cleared by Arrest.
Disorderly Conduct/ Criminal Trespass 1,2600120,01/31/26,01/31/26 @ 0005,1000 Patterson St,Cleared by Arrest.
Criminal Trespass 2,2600118,01/30/26,01/30/26 @ 1921,1440 Franklin Blvd,Open.
Hit and Run- Unattended Veh,2600117,01/30/26,01/29/26 @ 1800,2250 Patterson St,Suspended. Inactive.
Criminal Mischief 2,2600116,01/30/26,01/30/26 @ 1502,1385 Franklin Blvd,Suspended. Inactive.
Criminal Mischief 2,2600115,01/30/26,01/30/26 @ 1015,1320 E 15th Ave,Suspended. Inactive.
Theft 1- Deception,2600114,01/29/26,01/27/26 @ 1229,1000 Patterson St,Suspended. Inactive.
Criminal Trespass,2600113,01/30/26,01/30/26 @ 2320,1501 Kincaid St,Cleared by Arrest.
Theft 2,2600112,01/29/26,01/29/26 @ 2244,1101 Kincaid St,Suspended. Inactive.
Information Non Crime,2600110,01/29/26,01/29/26 @ 1358,1050 Hilyard St,Suspended. Inactive.
Criminal Mischief 2,2600109,01/29/26,01/29/26 @ 1426,1101 Kincaid St,Suspended. Inactive.
Criminal Mischief 2,2600108,01/29/26,01/29/26 @ 1424,259 South Bank Path,Suspended. Inactive.
Criminal Mischief 2,2600107,01/29/26,01/29/26 @ 1420,1307 Franklin Blvd,Suspended. Inactive.
Criminal Mischief 2,2600106,01/29/26,01/26/26 @ 1415,1244 Walnut St,Suspended. Inactive.
Theft 2,2600105,01/28/26,01/28/26 @ 2045,1484 University St,Suspended. Inactive.
Criminal Mischief,2600104,01/28/26,01/28/26 @ 1341,1190 Franklin Blvd,Suspended. Inactive.
Criminal Mischief,2600103,01/28/26,01/28/26 @ 1326,1900 Millrace Dr,Suspended. Inactive.
Theft 3,2600102,01/28/26,01/28/26 @ 1212,895 E 13th Ave,Cleared by Arrest.
Criminal Mischief 2,2600101,01/28/26,01/28/26 @ 0705,1301 Franklin Blvd,Suspended. Inactive.
Safe Kit- Anon,2600100,01/27/26,01/27/26 @ 1446,1590 E 13th Ave,Other.
Theft 2,2600099,01/27/26,01/27/26 @ 1347,1451 Agate,Suspended. Inactive.
Theft 2,2600098,01/27/26,01/27/26 @ 1200,895 E 13th Ave,Cleared by Arrest.
Criminal Mischief 2,2600097,01/27/26,01/27/26 @ 0801,1455 E 15th Ave,Suspended. Inactive.
Stalking,2600096,01/26/26,01/22/26 @ 2220,1410 Agate St,Open.
Sex Abuse 3,2600095,01/26/26,01/24/26 @ 2030,746 E 20th Ave,Open.
Criminal Mischief 2,2600094,01/26/26,01/26/26 @ 1433,1190 Franklin Blvd,Suspended. Inactive.
Theft 2,2600093,01/26/26,01/25/26 @ 1930,1451 Agate St,Suspended. Inactive.
Criminal Mischief 2,2600092,01/26/26,01/26/26 @ 0913,1415 Kincaid St,Suspended. Inactive.
Hit and Run,2600091,01/25/26,01/24/26 @ 2200,E 15th Ave/University St,Suspended. Inactive.
Void Case,2600090,01/23/26,01/23/26 @ 2148,1355 Columbia St,Other.
Theft 2,2600089,01/23/26,01/23/26 @ 2120,1410 Agate St,Suspended. Inactive.
Criminal Mischief 2,2600088,01/23/26,01/23/26 @ 1446,1387 Franklin Blvd,Suspended. Inactive.
Criminal Mischief 2,2600087,01/23/26,01/23/26 @ 1444,1900 Millrace Dr,Suspended. Inactive.
Criminal Mischief 2,2600086,01/23/26,01/23/26 @ 1437,1601 University St,Suspended. Inactive.
Criminal Mischief 2,2600085,01/23/26,01/23/26 @ 0743,1751 E 17th Ave,Suspended. Inactive.
Criminal Mischief 1,2600084,01/22/26,01/22/26 @ 1945,655 E 11th Ave,Open.
Information Non Crime,2600083,01/22/26,01/22/26 @ 1540,1395 University St,Other.
Robbery 3/Criminal Trespass,2600082,01/22/26,01/22/26 @ 1742,895 E 13th Ave,Cleared by Arrest.
Disorderly Conduct,2600081,01/22/26,01/22/26 @ 0100,956 E 13th Ave,Suspended. Inactive.
Criminal Trespass 2,2600080,01/21/26,01/21/26 @ 2020,1395 University St,Suspended. Inactive.
Criminal Mischief 2,2600079,01/21/26,01/21/26 @ 1401,1533 Moss St,Suspended. Inactive.
Criminal Mischief 2,2600078,01/21/26,01/21/26 @ 1114,259 South Bank Path,Suspended. Inactive.
Theft 3,2600077,01/20/26,01/20/26 @ 1346,1710 E 15th Ave,Suspended. Inactive.
Disorderly Conduct,2600076,01/20/26,01/20/26 @ 1425,1501 Kincaid,Suspended. Inactive.
Criminal Mischief 2,2600075,01/20/26,01/20/26 @ 1327,1475 E 15th Ave,Suspended. Inactive.
Criminal Mischief 2,2600074,01/20/26,01/20/26 @ 1314,1410 Agate St,Suspended. Inactive.
Theft 2/ Criminal Mischief,2600073,01/20/26,01/13/25 @ 1000,1751 E 17th Ave,Suspended. Inactive.
Criminal Mischief 2,2600072,01/20/26,01/20/26 @ 0914,1751 E 17th Ave,Suspended. Inactive.
Criminal Mischief 2,2600071,01/20/26,01/20/26 @ 0839,1751 E 17th Ave,Suspended. Inactive.
Property Found,2600070,01/20/26,01/20/26 @ 0300,1410 Agate St,Suspended. Inactive.
